id,Fattening_group.Pen,age,weight,dfi,cfi
999,202001-69,1,25,1.916,63.19519430230426
999,202001-69,2,,1.947,63.19519430230426
86,202001-69,1,57.504,1.943,63.19519430230426
86,202001-69,2,58.551,1.595,64.79019430230426