mae,mse,rmse,r2
0.18097170172154703,0.08819857605889068,0.2969824507591159,0.7290988144241932
