min,max,mean,sd
1.5876600000000003,2.61548,2.1241987804878044,0.2796736460316344
