min,max,mean,sd
43.376549999999995,83.80525,63.169070975609756,12.158015632613713
