mae,mse,rmse,r2
0.7096823577995548,0.9314574799438943,0.9651204484124737,0.9979779682816634
