mae,mse,rmse,r2
0.1721592175284695,0.07888249585841291,0.28086027817833714,0.7621771535585963
