mae,mse,rmse,r2
0.27107382761139515,0.14572612265635498,0.38174091037817126,0.5506790667607186
