mae,mse,rmse,r2
0.7897408707865168,1.2826104459269665,1.1325239273088081,0.9973204664560059
