mae,mse,rmse,r2
0.6616407573413673,0.836604090451653,0.9146606422338577,0.9981838784453314
