mae,mse,rmse,r2
0.3891390724548152,0.329760371898111,0.5742476572856967,-0.014697774607460579
