mae,mse,rmse,r2
0.23017923930269416,0.11997868312202854,0.34637939188414274,0.6549876641648
