mae,mse,rmse,r2
0.24573291099773245,0.13526800365239508,0.3677879873682596,0.5568652831102827
