mae,mse,rmse,r2
0.01176152046833411,0.0056195704850317465,0.07496379449462084,0.9999938938820043
