id,value
100,7.25
13,10.375
3,9.875
38,8.938000000000002
4,8.625
46,12.25
68,9.0
74,8.686999999999998
83,8.75
86,9.125
87,8.634999999999998
92,9.75
999,
