mae,mse,rmse,r2
4.1958449604622965,31.172687640000685,5.583250633815456,-94.92073357624503
