min,max,mean,sd
51.87895,54.79849000000001,53.33970749999999,1.2577222162783515
