min,max,mean,sd
0.905313725490196,1.9998039215686274,1.643684640522876,0.29800147000413457
