min,max,mean,sd
35.57694117647059,52.443509803921565,43.60986713554987,5.334334899217386
