min,max,mean,sd
1.8755900000000003,2.0105500000000003,1.9453025000000002,0.06033370776089697
