mae,mse,rmse,r2
0.7833463584381761,1.2718765602866662,1.1277750486185913,0.9972389778362579
